{"xline1":0.07757,"xline2":2.59916,"curves":[{"x":[0.04,0.0414479530381141,0.050129765803859,0.0583453444082766,0.0719252562404974,0.0861614951483791,0.105193454939283,0.123611828571693,0.146666544530391,0.174021172027311,0.204545634191352,0.245031558998842,0.285265577100119,0.332076219589976,0.397875741224388,0.458707827336313,0.534075227511565,0.633912352330637,0.752412487487374,0.884628512801818,1.03053048385693,1.27129856058109,1.58327410700373,2.088662546205,2.62767252107672,3.1814938000988,3.85238657576984,4.62110393290412,5.75924816499484,7.31656791435769,8.77811283926222,9.84760261489123,10],"y":[0.0017,0.00174709029604314,0.00202631663740151,0.00237173061618571,0.00277645193725932,0.00322011212050684,0.00380447959904817,0.00445312036747821,0.00516456969901147,0.00598968318277284,0.00681932286559523,0.00790900930733513,0.00900426696809434,0.0103463038913244,0.0117799889184784,0.013660959861686,0.0154097963949579,0.0172236124522899,0.0192509244316647,0.021318528153926,0.0227514644469647,0.0247371366193976,0.0271463356863801,0.0295208706714937,0.0306505680939712,0.0318202358478142,0.0327308790352709,0.0330506219620369,0.0336865624521903,0.0343364984453109,0.0340374322725061,0.0340478968956058,0.034]},{"x":[0.19,0.19745,0.22593,0.25605,0.28457,0.32241,0.35846,0.38327,0.43439,0.47368,0.52645,0.60217,0.66297,0.71596,0.7731,0.82698,0.91953,1.0122,1.18142,1.33925,1.57839,1.82466,2.19361,2.58672,2.99139,3.52779,4.32462,5.10009,6.19113,7.51624,8.69448,9.96031,10],"y":[0.0318,0.03179,0.03553,0.03934,0.04397,0.05007,0.05392,0.05972,0.06551,0.07056,0.07886,0.09148,0.09944,0.10709,0.11641,0.12307,0.13132,0.14542,0.15515,0.16708,0.17827,0.18844,0.19193,0.19367,0.19726,0.19722,0.19901,0.19896,0.20264,0.20447,0.20255,0.20064,0.2006]},{"x":[0.27,0.28353,0.31515,0.34034,0.3675,0.39691,0.43687,0.47634,0.5094,0.59418,0.70665,0.77043,0.84845,0.94349,1.01899,1.1666,1.2974,1.4852,1.66812,1.91011,2.20853,2.45727,2.86992,3.19256,3.55212,4.02962,4.48305,5.13526,5.82557,6.67311,7.49706,8.67228,10],"y":[0.0638,0.06375,0.0706,0.07603,0.08265,0.08819,0.09857,0.10715,0.11648,0.13262,0.15099,0.16566,0.17513,0.18514,0.19755,0.20883,0.21872,0.23337,0.23992,0.24895,0.25832,0.25828,0.25823,0.26303,0.26299,0.26295,0.26537,0.26532,0.26527,0.26522,0.26518,0.26268,0.2627]},{"x":[0.6177,0.62515,0.67518,0.7017,0.73625,0.78009,0.81849,0.867,0.91871,0.98283,1.11413,1.22697,1.33843,1.46016,1.59281,1.78866,1.97071,2.15033,2.32345,2.53522,2.848,3.19964,3.42449,3.80983,4.15746,4.5368,4.99856,5.61524,6.18733,6.81771,7.80888,8.94414,10],"y":[0.2813,0.28131,0.30017,0.30863,0.32328,0.33548,0.3514,0.37497,0.38553,0.40381,0.43488,0.45973,0.47707,0.49049,0.50899,0.53309,0.53799,0.54295,0.55306,0.55816,0.56328,0.56319,0.56314,0.56831,0.56824,0.56817,0.5734,0.57866,0.57858,0.57851,0.5838,0.58914,0.5891]},{"x":[0.64326,0.66184,0.68746,0.7491,0.80867,0.87306,0.97006,1.00789,1.07813,1.21036,1.33307,1.52645,1.73086,1.85215,2.0403,2.24796,2.42917,2.65106,2.83684,3.15605,3.51118,3.90663,4.2627,4.65207,5.07654,5.37984,6.10303,6.9228,7.77829,8.57076,9.53605],"y":[0.29742,0.31738,0.34502,0.40023,0.44735,0.4954,0.56935,0.60194,0.63637,0.68533,0.7178,0.74482,0.78008,0.79463,0.81697,0.82448,0.83209,0.8243,0.83967,0.84739,0.85517,0.85504,0.86292,0.85484,0.85474,0.8707,0.87055,0.87852,0.87026,0.87015,0.87003]},{"x":[0.02981,0.03067,0.03249,0.03467,0.03781,0.04093,0.04496,0.04903,0.05345,0.05957,0.06639,0.07034,0.07396,0.07894,0.08303,0.09051,0.09799,0.10844,0.11999,0.13082,0.14475,0.15442,0.16723,0.1823,0.19599,0.20465,0.22642,0.23643,0.24683,0.26918,0.28518,0.29554,0.33178,0.3644,0.40319,0.43348,0.45252,0.49705,0.5267,0.55801,0.61287,0.64464,0.66823,0.71301,0.77785,0.86728,0.96023,1.0558,1.17816,1.38487,1.59246,1.76522,1.97178,2.38835,2.89347,3.42918,4.18638,4.92494,5.8806,7.02106,8.38193,9.50473,10],"y":[0.001,0.00106,0.00118,0.00133,0.00155,0.00179,0.00214,0.00252,0.00301,0.00362,0.00442,0.00488,0.00547,0.00609,0.00672,0.00809,0.00939,0.01106,0.01322,0.01568,0.01873,0.02159,0.02454,0.02952,0.03308,0.03602,0.04334,0.0472,0.05214,0.06097,0.06783,0.07493,0.09144,0.10923,0.13049,0.14622,0.16267,0.19295,0.21164,0.23546,0.28127,0.30852,0.33362,0.37918,0.43097,0.50397,0.57281,0.62833,0.68924,0.74015,0.78359,0.81203,0.82377,0.85377,0.87237,0.87878,0.879,0.88544,0.88564,0.89215,0.8923,0.89885,0.8989]}]}